{
  "_Metadata": {
    "Description": "ImageGlass theme configuration file",
    "Version": "9.0"
  },
  "Info": {
    "Name": "Default Light",
    "Author": "Nikita Moskvitin",
    "Email": "maatarashiii@gmail.com",
	"WebSite": "https://github.com/Maatarashiii/default-light",
    "Description": "default-light is a theme for the ImageGlass 9.0, 8.2+ application with light color accents and Google icons",
    "Version": "9.0+"
  },
  "Settings": {
    "IsDarkMode": false,
    "NavButtonLeft": "Back.svg",
    "NavButtonRight": "Next.svg",
    "AppLogo": "",
    "PreviewImage": "preview.jpg"
  },
  "Colors": {
    "BgColor": "#fafafa",
    "TextColor": "#212121",

    "ToolbarBgColor": "#fafafa",
    "ToolbarTextColor": "#212121",
    "ToolbarItemHoverColor": "#eeeeee",
    "ToolbarItemActiveColor": "#e0e0e0",
    "ToolbarItemSelectedColor": "#e0e0e0",

    "GalleryBgColor": "#fafafa",
    "GalleryTextColor": "#212121",
    "GalleryItemHoverColor": "#eeeeee",
    "GalleryItemActiveColor": "#e0e0e0",
    "GalleryItemSelectedColor": "#e0e0e0",

    "MenuBgColor": "#fafafa",
    "MenuBgHoverColor": "#e0e0e0",
    "MenuTextColor": "#212121",
    "MenuTextHoverColor": "#212121",

    "NavigationButtonColor": "#fafafa"
  },
  "ToolbarIcons": {
    "ActualSize": "actualsize.svg",
    "AutoZoom": "AutoZoom.svg",
    "Bookmarks": "Bookmarks.svg",
    "Checkerboard": "Checkerboard.svg",
    "ColorPicker": "ColorPicker.svg",
    "Crop": "Crop.svg",
    "Delete": "Delete.svg",
    "Edit": "Edit.svg",
    "Exit": "Exit.svg",
    "Export": "Export.svg",
    "FlipHorz": "FlipHorz.svg",
    "FlipVert": "FlipVert.svg",
    "FullScreen": "FullScreen.svg",
    "Gallery": "Gallery.svg",
    "GoToImage": "GoToImage.svg",
    "LockZoom": "ZoomLock.svg",
    "MainMenu": "Menu.svg",
    "OpenFile": "Open.svg",
    "Pause": "Pause.svg",
    "Play": "Play.svg",
    "Print": "Print.svg",
    "Refresh": "Refresh.svg",
    "RotateLeft": "LeftRotate.svg",
    "RotateRight": "RightRotate.svg",
    "Save": "Save.svg",
    "ScaleToFill": "ScaleToFill.svg",
    "ScaleToFit": "ScaleToFit.svg",
    "ScaleToHeight": "ScaleToHeight.svg",
    "ScaleToWidth": "ScaleToWidth.svg",
    "Slideshow": "Slideshow.svg",
    "ViewFirstImage": "Next.svg",
    "ViewLastImage": "Back.svg",
    "ViewNextImage": "Next.svg",
    "ViewPreviousImage": "Back.svg",
    "WindowFit": "WindowFit.svg",
    "ZoomIn": "ZoomIn.svg",
    "ZoomOut": "ZoomOut.svg"
  }
}
